{"cameraMode":{"drawMode":0,"name":"Shaded","section":"Shading Mode"},"sceneLighting":true,"audioPlay":false,"sceneViewState":{"m_AlwaysRefresh":false,"showFog":true,"showSkybox":true,"showFlares":true,"showImageEffects":true,"showParticleSystems":true,"showVisualEffectGraphs":true,"m_FxEnabled":true},"in2DMode":false,"pivot":{"x":4.023565769195557,"y":-5.780730247497559,"z":10.834970474243164},"rotation":{"x":-0.3143196403980255,"y":0.020212523639202119,"z":-0.0067032682709395889,"w":-0.9490981101989746},"size":7.071067810058594,"orthographic":false}